Wavelength (nm),Reflectance Factor (%)
250,94.165145
251,94.381093
252,94.614658
253,94.757922
254,94.916205
255,95.049609
256,95.144948
257,95.21169
258,95.316506
259,95.432622
260,95.485347
261,95.529111
262,95.491885
263,95.524646
264,95.51966
265,95.564062
266,95.645518
267,95.650304
268,95.710884
269,95.632981
270,95.61063
271,95.666888
272,95.66781
273,95.585423
274,95.637673
275,95.696806
276,95.708528
277,95.665346
278,95.790005
279,95.799461
280,95.792142
281,95.865834
282,95.943205
283,95.973412
284,95.98388
285,95.995208
286,96.055026
287,96.086864
288,96.105025
289,96.078125
290,96.199743
291,96.229646
292,96.278165
293,96.417929
294,96.364976
295,96.417165
296,96.352996
297,96.542379
298,96.551343
299,96.380167
300,96.476465
301,96.466129
302,96.544264
303,96.669838
304,96.57398
305,96.571293
306,96.615039
307,96.644188
308,96.580139
309,96.792441
310,96.516958
311,96.605255
312,96.567223
313,96.677125
314,96.705386
315,96.525105
316,96.6631
317,96.483614
318,96.545648
319,96.352937
320,96.67726
321,96.463525
322,96.388158
323,96.399804
324,96.179012
325,96.298226
326,96.047723
327,96.128927
328,95.984155
329,96.054351
330,96.115352
331,95.864856
332,96.058487
333,95.996972
334,95.883348
335,96.068065
336,96.048363
337,95.976857
338,95.967788
339,96.152561
340,96.157612
341,95.928286
342,96.024851
343,96.177871
344,96.089871
345,96.15382
346,95.999992
347,95.937998
348,96.025699
349,95.971153
350,96.0342
351,95.87465
352,95.922176
353,95.873299
354,95.834908
355,95.963867
356,95.992687
357,96.01819
358,95.943075
359,95.99832
360,95.839878
361,95.803796
362,95.97662
363,95.932021
364,96.060158
365,95.867786
366,95.936266
367,95.857138
368,95.807048
369,95.701813
370,95.882768
371,96.011422
372,95.923228
373,95.91262
374,95.956143
375,95.884418
376,95.986066
377,95.815949
378,95.879431
379,95.966479
380,95.953075
381,95.911973
382,95.858177
383,95.865803
384,95.885138
385,95.853882
386,95.943818
387,95.874878
388,95.819133
389,95.86026
390,95.913691
391,95.860977
392,95.865072
393,95.827541
394,95.835763
395,95.849497
396,95.810699
397,95.868274
398,95.837949
399,95.820641
400,95.866179
401,95.89831
402,95.88593
403,95.920844
404,95.960072
405,95.934028
406,95.908459
407,95.889024
408,95.88668
409,95.858423
410,95.787232
411,95.847607
412,95.799621
413,95.794028
414,95.831654
415,95.819928
416,95.851194
417,95.897347
418,95.89585
419,95.840242
420,95.825844
421,95.893478
422,95.91422
423,95.847647
424,95.849892
425,95.835015
426,95.869246
427,95.907062
428,95.93329
429,95.887486
430,95.859755
431,95.842036
432,95.866139
433,95.887146
434,95.857857
435,95.841528
436,95.81909
437,95.854508
438,95.842857
439,95.816782
440,95.844452
441,95.817346
442,95.805377
443,95.805529
444,95.802684
445,95.869558
446,95.934671
447,95.854691
448,95.850704
449,95.847067
450,95.838807
451,95.903978
452,95.887693
453,95.902197
454,95.877148
455,95.845703
456,95.893362
457,95.893482
458,95.876199
459,95.861343
460,95.861543
461,95.855249
462,95.890648
463,95.862349
464,95.807761
465,95.779794
466,95.769589
467,95.815667
468,95.813608
469,95.827236
470,95.784979
471,95.800562
472,95.822144
473,95.781464
474,95.814545
475,95.915714
476,95.844034
477,95.840497
478,95.823926
479,95.864715
480,95.855205
481,95.82986
482,95.861413
483,95.850704
484,95.815435
485,95.853803
486,95.75262
487,95.862056
488,95.934245
489,95.892364
490,95.839037
491,95.881689
492,95.968162
493,95.889001
494,95.892481
495,95.84682
496,95.852819
497,95.877194
498,95.858566
499,95.88372
500,95.887422
501,95.906368
502,95.807499
503,95.84541
504,95.904143
505,95.892271
506,95.82758
507,95.760987
508,95.86984
509,95.910191
510,95.831
511,95.844171
512,95.868484
513,95.874727
514,95.862471
515,95.840863
516,95.816246
517,95.849249
518,95.809183
519,95.85906
520,95.829606
521,95.874526
522,95.857518
523,95.875334
524,95.782846
525,95.801962
526,95.784178
527,95.761953
528,95.785207
529,95.807094
530,95.824858
531,95.807194
532,95.807094
533,95.814019
534,95.751913
535,95.786139
536,95.762916
537,95.764627
538,95.788764
539,95.762983
540,95.753183
541,95.775592
542,95.749211
543,95.721891
544,95.805912
545,95.742414
546,95.79588
547,95.722439
548,95.744162
549,95.670085
550,95.7974
551,95.721982
552,95.691846
553,95.785285
554,95.676552
555,95.671298
556,95.700315
557,95.614861
558,95.692259
559,95.638596
560,95.718267
561,95.707288
562,95.72286
563,95.711902
564,95.798615
565,95.706619
566,95.709087
567,95.736352
568,95.718435
569,95.72874
570,95.729412
571,95.721799
572,95.766753
573,95.716224
574,95.68699
575,95.728361
576,95.705876
577,95.698109
578,95.697508
579,95.676915
580,95.724655
581,95.724723
582,95.751317
583,95.711499
584,95.759152
585,95.769658
586,95.733543
587,95.713256
588,95.622055
589,95.725716
590,95.718971
591,95.769047
592,95.704212
593,95.633226
594,95.668678
595,95.709075
596,95.707037
597,95.727839
598,95.641697
599,95.670849
600,95.665741
601,95.633993
602,95.676196
603,95.710718
604,95.666224
605,95.608681
606,95.636527
607,95.62907
608,95.580622
609,95.595783
610,95.611162
611,95.571603
612,95.574765
613,95.55778
614,95.606803
615,95.634311
616,95.615208
617,95.524391
618,95.564606
619,95.582092
620,95.538036
621,95.573492
622,95.552561
623,95.480763
624,95.554537
625,95.565908
626,95.592757
627,95.580101
628,95.527954
629,95.506445
630,95.545474
631,95.554593
632,95.577218
633,95.512665
634,95.517829
635,95.540759
636,95.505836
637,95.514268
638,95.514465
639,95.514244
640,95.49217
641,95.50215
642,95.485991
643,95.496936
644,95.539202
645,95.579952
646,95.560326
647,95.48146
648,95.469581
649,95.473551
650,95.459363
651,95.447995
652,95.473544
653,95.489905
654,95.484833
655,95.499143
656,95.508956
657,95.504037
658,95.449899
659,95.371563
660,95.411554
661,95.470754
662,95.578834
663,95.533296
664,95.408327
665,95.39091
666,95.380561
667,95.377698
668,95.449115
669,95.473287
670,95.454677
671,95.459426
672,95.422369
673,95.518623
674,95.525557
675,95.414369
676,95.421494
677,95.461344
678,95.426527
679,95.45315
680,95.387786
681,95.452225
682,95.427188
683,95.427376
684,95.455765
685,95.472429
686,95.364654
687,95.465107
688,95.494283
689,95.431138
690,95.324518
691,95.349869
692,95.525285
693,95.434015
694,95.484249
695,95.430682
696,95.412519
697,95.345007
698,95.380423
699,95.470782
700,95.410434
701,95.3597
702,95.220433
703,95.271731
704,95.436007
705,95.412023
706,95.28447
707,95.345131
708,95.463526
709,95.583858
710,95.452392
711,95.267186
712,95.403138
713,95.342217
714,95.333001
715,95.403763
716,95.443861
717,95.307399
718,95.408065
719,95.493356
720,95.40726
721,95.396978
722,95.401487
723,95.390734
724,95.308641
725,95.256227
726,95.388732
727,95.217885
728,95.21274
729,95.363498
730,95.387774
731,95.280667
732,95.294486
733,95.145321
734,95.398897
735,95.262302
736,95.310821
737,95.174196
738,95.343314
739,95.28879
740,95.134083
741,95.213513
742,95.209126
743,95.340326
744,95.187379
745,95.262659
746,95.28165
747,95.257157
748,95.260092
749,95.499972
750,95.275312
751,95.111259
752,95.290764
753,95.101303
754,95.009206
755,95.321145
756,95.328199
757,95.300215
758,95.239885
759,95.102479
760,95.28475
761,95.243638
762,95.152493
763,95.278115
764,95.394392
765,95.212911
766,95.31247
767,95.320654
768,95.3984
769,95.318865
770,95.06686
771,95.275138
772,95.186481
773,95.255354
774,95.128688
775,95.13047
776,95.127509
777,95.312486
778,95.256151
779,95.172942
780,95.190704
781,95.203384
782,95.245884
783,95.165091
784,94.951911
785,95.061214
786,95.180754
787,95.358502
788,95.158605
789,95.099718
790,95.304648
791,95.295099
792,95.161003
793,95.130436
794,94.947447
795,95.074459
796,95.29962
797,95.10762
798,95.253382
799,95.21933
800,95.260648
801,95.250182
802,95.024005
803,95.1311
804,95.165454
805,95.245471
806,95.234176
807,94.964782
808,95.142443
809,95.001621
810,94.975452
811,94.877446
812,95.198638
813,95.279683
814,95.028399
815,94.904423
816,95.097464
817,95.215653
818,95.178668
819,95.097449
820,95.021927
821,95.067112
822,95.082597
823,95.065496
824,95.074261
825,95.061521
826,95.070671
827,95.070599
828,95.085175
829,95.052696
830,95.03922
831,95.046753
832,95.05516
833,95.053469
834,95.071804
835,95.091417
836,95.049328
837,95.04057
838,95.067672
839,95.046762
840,95.002498
841,95.016505
842,94.99545
843,94.952638
844,94.974819
845,94.995627
846,94.986874
847,95.009931
848,94.999653
849,94.963648
850,94.984829
851,94.994639
852,95.003747
853,95.011462
854,94.980991
855,94.970658
856,94.964677
857,94.955016
858,94.960896
859,94.9667
860,94.952842
861,94.947778
862,94.932549
863,94.926431
864,94.927279
865,94.91605
866,94.933315
867,94.918643
868,94.9218
869,94.922676
870,94.911668
871,94.913302
872,94.91739
873,94.963673
874,94.978568
875,94.935055
876,94.939486
877,94.957776
878,94.942442
879,94.915607
880,94.888543
881,94.904941
882,94.90601
883,94.915945
884,94.915239
885,94.878778
886,94.852332
887,94.862878
888,94.873455
889,94.85832
890,94.877696
891,94.862619
892,94.840619
893,94.862132
894,94.850557
895,94.84178
896,94.839916
897,94.829304
898,94.846566
899,94.847754
900,94.813297
901,94.83177
902,94.838393
903,94.825452
904,94.813288
905,94.80249
906,94.843818
907,94.802862
908,94.793704
909,94.789951
910,94.79405
911,94.788632
912,94.758428
913,94.769596
914,94.74892
915,94.69146
916,94.7179
917,94.73246
918,94.735965
919,94.71677
920,94.709042
921,94.700236
922,94.716956
923,94.752909
924,94.720018
925,94.710187
926,94.63558
927,94.647334
928,94.72657
929,94.695407
930,94.615698
931,94.6393
932,94.74413
933,94.678178
934,94.680139
935,94.551485
936,94.724597
937,94.555627
938,94.641198
939,94.728682
940,94.650717
941,94.637683
942,94.623749
943,94.53507
944,94.632583
945,94.767962
946,94.741665
947,94.607928
948,94.503236
949,94.759928
950,94.799398
951,94.809156
952,94.475635
953,94.596729
954,94.866587
955,94.752014
956,94.625465
957,94.860914
958,94.678911
959,94.860128
960,94.662716
961,94.757716
962,94.839942
963,94.797199
964,94.711956
965,94.886848
966,94.68592
967,94.87307
968,94.694826
969,94.85664
970,94.714639
971,94.859104
972,94.665651
973,94.728558
974,94.8293
975,94.646248
976,94.856303
977,94.619581
978,94.763767
979,94.838537
980,94.62931
981,94.746914
982,94.736779
983,94.843951
984,94.674316
985,94.473197
986,94.905145
987,94.734379
988,94.683672
989,94.532962
990,94.623438
991,94.891365
992,94.692488
993,94.696755
994,94.648301
995,94.528484
996,94.670438
997,94.735672
998,94.58914
999,94.469493
1000,94.802569
1001,94.628343
1002,94.627395
1003,94.648486
1004,94.60827
1005,94.531073
1006,94.629914
1007,94.665534
1008,94.507273
1009,94.622441
1010,94.707902
1011,94.603563
1012,94.545785
1013,94.723388
1014,94.56337
1015,94.491021
1016,94.614755
1017,94.673548
1018,94.48219
1019,94.418458
1020,94.708095
1021,94.658117
1022,94.512705
1023,94.458777
1024,94.590184
1025,94.629436
1026,94.519022
1027,94.451653
1028,94.610815
1029,94.662997
1030,94.465669
1031,94.413954
1032,94.689693
1033,94.639973
1034,94.495903
1035,94.467884
1036,94.601936
1037,94.638363
1038,94.57916
1039,94.51156
1040,94.452829
1041,94.590635
1042,94.620227
1043,94.509064
1044,94.462035
1045,94.528841
1046,94.596367
1047,94.633326
1048,94.551458
1049,94.482927
1050,94.448736
1051,94.58479
1052,94.616836
1053,94.503194
1054,94.483147
1055,94.515451
1056,94.506203
1057,94.590724
1058,94.608877
1059,94.475354
1060,94.463346
1061,94.532289
1062,94.484864
1063,94.557078
1064,94.592644
1065,94.504212
1066,94.499399
1067,94.416568
1068,94.402936
1069,94.475989
1070,94.549903
1071,94.53938
1072,94.402277
1073,94.461843
1074,94.431445
1075,94.3939
1076,94.542498
1077,94.534901
1078,94.414285
1079,94.491889
1080,94.446358
1081,94.395198
1082,94.45736
1083,94.537773
1084,94.521624
1085,94.461093
1086,94.470507
1087,94.374092
1088,94.391906
1089,94.464653
1090,94.524317
1091,94.494382
1092,94.448955
1093,94.439447
1094,94.445577
1095,94.355698
1096,94.394753
1097,94.449547
1098,94.437094
1099,94.533306
1100,94.480939
1101,94.359676
1102,94.491706
1103,94.499315
1104,94.458449
1105,94.357573
1106,94.407426
1107,94.449986
1108,94.47911
1109,94.49924
1110,94.486738
1111,94.469603
1112,94.465615
1113,94.431829
1114,94.421831
1115,94.423258
1116,94.416972
1117,94.414153
1118,94.397582
1119,94.396401
1120,94.390716
1121,94.378772
1122,94.477999
1123,94.405089
1124,94.273848
1125,94.464423
1126,94.417947
1127,94.385786
1128,94.269112
1129,94.368271
1130,94.374589
1131,94.355255
1132,94.354652
1133,94.461411
1134,94.390873
1135,94.344625
1136,94.33696
1137,94.334954
1138,94.211645
1139,94.294153
1140,94.296589
1141,94.305752
1142,94.307796
1143,94.287404
1144,94.320524
1145,94.284176
1146,94.285565
1147,94.409855
1148,94.159238
1149,94.340637
1150,94.266313
1151,94.27941
1152,94.279257
1153,94.108499
1154,94.217877
1155,94.24062
1156,94.215532
1157,94.235749
1158,94.386769
1159,94.221714
1160,94.189768
1161,94.248128
1162,94.241164
1163,94.207167
1164,94.213904
1165,94.212084
1166,94.179194
1167,94.204217
1168,94.173779
1169,94.027225
1170,94.158304
1171,94.169186
1172,94.180647
1173,94.14861
1174,94.147761
1175,94.139093
1176,94.109564
1177,94.106938
1178,94.090566
1179,94.093104
1180,94.089366
1181,94.096239
1182,94.090457
1183,94.06596
1184,94.067612
1185,94.067329
1186,94.059454
1187,94.055611
1188,94.039758
1189,94.042765
1190,94.053637
1191,94.033853
1192,93.866726
1193,94.074881
1194,94.179509
1195,94.030866
1196,93.906817
1197,94.061673
1198,94.148134
1199,94.038528
1200,94.029798
1201,93.954966
1202,94.048706
1203,94.040511
1204,94.041297
1205,94.020403
1206,94.033932
1207,94.013956
1208,94.019923
1209,93.916313
1210,94.024605
1211,94.065091
1212,94.123232
1213,93.926111
1214,94.048167
1215,94.163716
1216,94.045228
1217,93.935603
1218,94.099224
1219,94.17538
1220,93.970645
1221,94.073574
1222,94.168705
1223,94.326293
1224,94.004622
1225,94.111343
1226,94.107197
1227,94.086938
1228,94.054684
1229,94.017062
1230,94.265927
1231,94.217837
1232,94.081252
1233,94.049939
1234,93.96644
1235,94.131536
1236,94.222475
1237,94.103439
1238,94.094562
1239,94.127076
1240,94.05849
1241,94.043787
1242,94.291356
1243,94.067531
1244,93.987121
1245,94.139807
1246,94.205757
1247,94.096853
1248,94.08679
1249,94.108664
1250,94.125248
1251,94.099564
1252,94.115532
1253,94.151958
1254,94.194917
1255,94.126523
1256,94.074017
1257,94.027938
1258,94.110835
1259,94.161768
1260,94.200958
1261,94.044768
1262,93.995846
1263,94.089585
1264,94.099975
1265,94.16596
1266,94.191911
1267,94.103711
1268,94.102314
1269,94.081677
1270,94.076161
1271,94.004671
1272,94.062451
1273,94.164446
1274,94.073506
1275,94.046621
1276,94.135746
1277,94.152228
1278,94.066278
1279,94.071764
1280,93.991179
1281,93.989181
1282,94.13309
1283,94.133032
1284,94.050837
1285,94.056812
1286,94.050522
1287,94.047
1288,94.044909
1289,94.034204
1290,94.041573
1291,94.052316
1292,94.052241
1293,94.042854
1294,94.038451
1295,94.125616
1296,94.104052
1297,94.014564
1298,94.010049
1299,94.007554
1300,94.070502
1301,94.028176
1302,94.002639
1303,94.079882
1304,94.053218
1305,93.945429
1306,93.968433
1307,94.046755
1308,94.031868
1309,93.954556
1310,93.972637
1311,94.058232
1312,94.031896
1313,94.008811
1314,93.967466
1315,93.979348
1316,93.996906
1317,93.986648
1318,93.983761
1319,93.991728
1320,93.979212
1321,93.966268
1322,93.963387
1323,93.913415
1324,93.947636
1325,93.957069
1326,93.956874
1327,94.011755
1328,93.982977
1329,93.951148
1330,93.934209
1331,93.868372
1332,93.913294
1333,93.926409
1334,93.916833
1335,93.925522
1336,93.921417
1337,93.896948
1338,93.906886
1339,93.891617
1340,93.869991
1341,93.795596
1342,93.844348
1343,93.927003
1344,93.804211
1345,93.82144
1346,93.795657
1347,93.851269
1348,93.801575
1349,93.672458
1350,93.724785
1351,93.708048
1352,93.684772
1353,93.675551
1354,93.734252
1355,93.52566
1356,93.657982
1357,93.574138
1358,93.510227
1359,93.420478
1360,93.568727
1361,93.503036
1362,93.487849
1363,93.554027
1364,93.483789
1365,93.392331
1366,93.393102
1367,93.544214
1368,93.531537
1369,93.398645
1370,93.380405
1371,93.436149
1372,93.422935
1373,93.339519
1374,93.387413
1375,93.388138
1376,93.371697
1377,93.370182
1378,93.345099
1379,93.368287
1380,93.371537
1381,93.172152
1382,93.481638
1383,93.486508
1384,93.199754
1385,93.461973
1386,93.041088
1387,93.331761
1388,93.349722
1389,93.371322
1390,93.213724
1391,93.179361
1392,93.649859
1393,93.3399
1394,93.315273
1395,93.312507
1396,93.312924
1397,93.307671
1398,93.275852
1399,93.265098
1400,93.271408
1401,93.283606
1402,93.264471
1403,93.270073
1404,93.261048
1405,93.246968
1406,93.249607
1407,93.250135
1408,93.379051
1409,93.247836
1410,93.262405
1411,93.249846
1412,93.408205
1413,93.267375
1414,93.274461
1415,93.253428
1416,93.279195
1417,93.270635
1418,93.2527
1419,93.269157
1420,93.281139
1421,93.270949
1422,93.267747
1423,93.262559
1424,93.271233
1425,93.274318
1426,93.26837
1427,93.27043
1428,93.251812
1429,93.160662
1430,93.267253
1431,93.250067
1432,93.270037
1433,93.277633
1434,93.252162
1435,93.154917
1436,93.295528
1437,93.285722
1438,93.280746
1439,93.279227
1440,93.282563
1441,93.342168
1442,93.424422
1443,93.300845
1444,93.27116
1445,93.293287
1446,93.281761
1447,93.254994
1448,93.264774
1449,93.286828
1450,93.273418
1451,93.254834
1452,93.310408
1453,93.404608
1454,93.258067
1455,93.189723
1456,93.318757
1457,93.329065
1458,93.333173
1459,93.360077
1460,93.376481
1461,93.176083
1462,93.290189
1463,93.406485
1464,93.31845
1465,93.265583
1466,93.242403
1467,93.447092
1468,93.35316
1469,93.19312
1470,93.298383
1471,93.218203
1472,93.242964
1473,93.374317
1474,93.293178
1475,93.28111
1476,93.339578
1477,93.304465
1478,93.180888
1479,93.269611
1480,93.275149
1481,93.303741
1482,93.30779
1483,93.31024
1484,93.318622
1485,93.32328
1486,93.310324
1487,93.316514
1488,93.325809
1489,93.318457
1490,93.306817
1491,93.324732
1492,93.335044
1493,93.327555
1494,93.328234
1495,93.316768
1496,93.299977
1497,93.310931
1498,93.321102
1499,93.311849
1500,93.317851
1501,93.317372
1502,93.318654
1503,93.33972
1504,93.340586
1505,93.32705
1506,93.232224
1507,93.357824
1508,93.403336
1509,93.319904
1510,93.336918
1511,93.347881
1512,93.34124
1513,93.348165
1514,93.352438
1515,93.336833
1516,93.346303
1517,93.347577
1518,93.347936
1519,93.24312
1520,93.374853
1521,93.403198
1522,93.343227
1523,93.351313
1524,93.356961
1525,93.230528
1526,93.363349
1527,93.368661
1528,93.311767
1529,93.325169
1530,93.322838
1531,93.318928
1532,93.315059
1533,93.323014
1534,93.319082
1535,93.425509
1536,93.231641
1537,93.246734
1538,93.303229
1539,93.176941
1540,93.367099
1541,93.347561
1542,93.319334
1543,93.294741
1544,93.294887
1545,93.448613
1546,93.239273
1547,93.256521
1548,93.300398
1549,93.316916
1550,93.31445
1551,93.205256
1552,93.276986
1553,93.293659
1554,93.307469
1555,93.452061
1556,93.366142
1557,93.324348
1558,93.31954
1559,93.317372
1560,93.304848
1561,93.30553
1562,93.301529
1563,93.441984
1564,93.343447
1565,93.312222
1566,93.184615
1567,93.269727
1568,93.316233
1569,93.306847
1570,93.164518
1571,93.300188
1572,93.419485
1573,93.328229
1574,93.281991
1575,93.442664
1576,93.333865
1577,93.155638
1578,93.268963
1579,93.161518
1580,93.2808
1581,93.451845
1582,93.301583
1583,93.43224
1584,93.166451
1585,93.268156
1586,93.156868
1587,93.444214
1588,93.302634
1589,93.452004
1590,93.299658
1591,92.961586
1592,93.276702
1593,93.444994
1594,93.3208
1595,93.467869
1596,93.184814
1597,93.113983
1598,93.234987
1599,93.394309
1600,93.442668
1601,93.261775
1602,93.14951
1603,93.105923
1604,93.255949
1605,93.404322
1606,93.375748
1607,93.261525
1608,93.141438
1609,93.085726
1610,93.249611
1611,93.25637
1612,93.353785
1613,93.242307
1614,93.353465
1615,93.20213
1616,93.229627
1617,93.051793
1618,93.033026
1619,93.163585
1620,93.183993
1621,93.31268
1622,93.145625
1623,93.171459
1624,93.263726
1625,93.138104
1626,93.100654
1627,92.962442
1628,92.959056
1629,93.090112
1630,93.056859
1631,93.073411
1632,93.183106
1633,93.227817
1634,93.074344
1635,93.067708
1636,92.990045
1637,92.717507
1638,93.001855
1639,92.967336
1640,92.979422
1641,93.095428
1642,93.078872
1643,92.912117
1644,92.786702
1645,92.746545
1646,92.889867
1647,92.921027
1648,93.097618
1649,92.854059
1650,92.778709
1651,92.582144
1652,92.803419
1653,92.863401
1654,92.995971
1655,92.770161
1656,92.681876
1657,92.496755
1658,92.789325
1659,92.912344
1660,92.862489
1661,92.634578
1662,92.493972
1663,92.698387
1664,92.764832
1665,92.925448
1666,92.661173
1667,92.639648
1668,92.626244
1669,92.618296
1670,92.494415
1671,92.379328
1672,92.584997
1673,92.537327
1674,92.639622
1675,92.767174
1676,92.55693
1677,92.488554
1678,92.371843
1679,92.389499
1680,92.520213
1681,92.608161
1682,92.527293
1683,92.375644
1684,92.296676
1685,92.303559
1686,92.33963
1687,92.452826
1688,92.392771
1689,92.346524
1690,92.151456
1691,92.206953
1692,92.35278
1693,92.420591
1694,92.262493
1695,92.153679
1696,92.182828
1697,92.138469
1698,92.390922
1699,92.455436
1700,92.166565
1701,92.064168
1702,92.165791
1703,92.345587
1704,92.429572
1705,92.361648
1706,92.184846
1707,92.114192
1708,92.195218
1709,92.340794
1710,92.446442
1711,92.371268
1712,92.268911
1713,92.190627
1714,92.17765
1715,92.165469
1716,92.167139
1717,92.222369
1718,92.290804
1719,92.26724
1720,92.174028
1721,92.160426
1722,92.263393
1723,92.230386
1724,92.142315
1725,92.153195
1726,92.17255
1727,92.067978
1728,92.06675
1729,92.122037
1730,92.134437
1731,92.136874
1732,92.141482
1733,92.154008
1734,92.160122
1735,92.153126
1736,92.149924
1737,92.153166
1738,92.16387
1739,92.169399
1740,92.160974
1741,92.175215
1742,92.189776
1743,92.082702
1744,92.152681
1745,92.194073
1746,92.189337
1747,92.314447
1748,92.266421
1749,92.215881
1750,92.202045
1751,92.212816
1752,92.340211
1753,92.175382
1754,92.203949
1755,92.249049
1756,92.24333
1757,92.150776
1758,92.320993
1759,92.296406
1760,92.28238
1761,92.290946
1762,92.260221
1763,92.265015
1764,92.262812
1765,92.153481
1766,92.34693
1767,92.288196
1768,92.254566
1769,92.262454
1770,92.23899
1771,92.385435
1772,92.166267
1773,92.232723
1774,92.272563
1775,92.278533
1776,92.258831
1777,92.274221
1778,92.278319
1779,92.305275
1780,92.309709
1781,92.28592
1782,92.439232
1783,92.186497
1784,92.290972
1785,92.297349
1786,92.295901
1787,92.299321
1788,92.28447
1789,92.281694
1790,92.453575
1791,92.166463
1792,92.289632
1793,92.26161
1794,92.244457
1795,92.258086
1796,92.101683
1797,92.349994
1798,92.407435
1799,92.112333
1800,92.056733
1801,92.223967
1802,92.347421
1803,92.37297
1804,92.102304
1805,92.077993
1806,92.509872
1807,92.074834
1808,92.070957
1809,92.322068
1810,92.333477
1811,91.88684
1812,92.298939
1813,92.151647
1814,92.157013
1815,92.126197
1816,91.961121
1817,92.228843
1818,92.066459
1819,92.042275
1820,92.06985
1821,91.909037
1822,92.189946
1823,92.193498
1824,91.850913
1825,91.975595
1826,91.859451
1827,92.323098
1828,91.826252
1829,91.820609
1830,92.013348
1831,92.110765
1832,92.088988
1833,91.859755
1834,91.598133
1835,92.015405
1836,91.835547
1837,91.71455
1838,92.097284
1839,91.669122
1840,91.7765
1841,91.646735
1842,91.917551
1843,91.866999
1844,91.608091
1845,91.730735
1846,91.722168
1847,91.771463
1848,91.744109
1849,91.757497
1850,91.737484
1851,91.718948
1852,91.73556
1853,91.737286
1854,91.732236
1855,91.726669
1856,91.672759
1857,91.561969
1858,91.686489
1859,91.681428
1860,91.787703
1861,91.613782
1862,91.572565
1863,91.550613
1864,91.49051
1865,91.462257
1866,91.426865
1867,91.384827
1868,91.364425
1869,91.350139
1870,91.370206
1871,91.382053
1872,91.36212
1873,91.340381
1874,91.35624
1875,91.403002
1876,91.400888
1877,91.400537
1878,91.435809
1879,91.424339
1880,91.438371
1881,91.458098
1882,91.462381
1883,91.464803
1884,91.453982
1885,91.446858
1886,91.440656
1887,91.418301
1888,91.411926
1889,91.370332
1890,91.393004
1891,91.366739
1892,91.336755
1893,91.320747
1894,91.299996
1895,91.27578
1896,91.262106
1897,91.243839
1898,91.236585
1899,91.220899
1900,91.210869
1901,91.199878
1902,91.228295
1903,91.235007
1904,91.202664
1905,91.205826
1906,91.217463
1907,91.249848
1908,91.276391
1909,91.253523
1910,91.228528
1911,91.225286
1912,91.239008
1913,91.224272
1914,91.198521
1915,91.189934
1916,91.176231
1917,91.183787
1918,91.151926
1919,91.104073
1920,91.110828
1921,91.093374
1922,91.068356
1923,91.077314
1924,91.075603
1925,91.071773
1926,91.068546
1927,91.080431
1928,91.085614
1929,91.092094
1930,91.083862
1931,91.068014
1932,91.073778
1933,91.070503
1934,91.083166
1935,91.070893
1936,91.064941
1937,91.074628
1938,91.079938
1939,91.10049
1940,91.097264
1941,91.09761
1942,91.110356
1943,91.142722
1944,91.250924
1945,91.236618
1946,91.194683
1947,91.197373
1948,91.211009
1949,91.242648
1950,91.257835
1951,91.275667
1952,91.263471
1953,91.256892
1954,91.252472
1955,91.163144
1956,91.196082
1957,91.308569
1958,91.266819
1959,91.141375
1960,91.169818
1961,91.277952
1962,91.228022
1963,91.173897
1964,91.142934
1965,91.128145
1966,91.104372
1967,91.121308
1968,91.108008
1969,91.094382
1970,91.204026
1971,91.14057
1972,91.106552
1973,91.014171
1974,91.073943
1975,91.123722
1976,91.105541
1977,91.111541
1978,91.109042
1979,91.116563
1980,91.103081
1981,91.003009
1982,91.043053
1983,91.011143
1984,91.006031
1985,90.991254
1986,90.953492
1987,90.925986
1988,90.890742
1989,90.932383
1990,90.836969
1991,90.820488
1992,90.806101
1993,90.802606
1994,90.794799
1995,90.784586
1996,90.771907
1997,90.772611
1998,90.740227
1999,90.75208
2000,90.743525
2001,90.755707
2002,90.716803
2003,90.717806
2004,90.685312
2005,90.684032
2006,90.641586
2007,90.625082
2008,90.591826
2009,90.573435
2010,90.51704
2011,90.490398
2012,90.500044
2013,90.457874
2014,90.441576
2015,90.41423
2016,90.369805
2017,90.361277
2018,90.334681
2019,90.315355
2020,90.271195
2021,90.266491
2022,90.245255
2023,90.212282
2024,90.16759
2025,90.19808
2026,90.142671
2027,90.111799
2028,90.095638
2029,90.084418
2030,90.058547
2031,90.052297
2032,90.046047
2033,90.037075
2034,90.039814
2035,90.004615
2036,89.985822
2037,89.993951
2038,89.934664
2039,89.944277
2040,89.91587
2041,89.904922
2042,89.917409
2043,89.910029
2044,89.887298
2045,89.865549
2046,89.816903
2047,89.850562
2048,89.831297
2049,89.814916
2050,89.804112
2051,89.790891
2052,89.766813
2053,89.723547
2054,89.716537
2055,89.709341
2056,89.691149
2057,89.652206
2058,89.636363
2059,89.603937
2060,89.594592
2061,89.6097
2062,89.572699
2063,89.58569
2064,89.585513
2065,89.55892
2066,89.559971
2067,89.549788
2068,89.551292
2069,89.540636
2070,89.523995
2071,89.522267
2072,89.524803
2073,89.513894
2074,89.488878
2075,89.485866
2076,89.463562
2077,89.462719
2078,89.452071
2079,89.434987
2080,89.428121
2081,89.371016
2082,89.369629
2083,89.363101
2084,89.315401
2085,89.309248
2086,89.33148
2087,89.292206
2088,89.263051
2089,89.25191
2090,89.240248
2091,89.22887
2092,89.225157
2093,89.19201
2094,89.171262
2095,89.162964
2096,89.153244
2097,89.147912
2098,89.114494
2099,89.06669
2100,89.049787
2101,89.031038
2102,88.983563
2103,88.950188
2104,88.913365
2105,88.901091
2106,88.850948
2107,88.793821
2108,88.750912
2109,88.714521
2110,88.672351
2111,88.621477
2112,88.573271
2113,88.558894
2114,88.516502
2115,88.467439
2116,88.432365
2117,88.408438
2118,88.356622
2119,88.313538
2120,88.280295
2121,88.228611
2122,88.181627
2123,88.129331
2124,88.103967
2125,88.072643
2126,88.037942
2127,88.008898
2128,87.959212
2129,87.905333
2130,87.872566
2131,87.875955
2132,87.8726
2133,87.856974
2134,87.845151
2135,87.840494
2136,87.823139
2137,87.801438
2138,87.822892
2139,87.836947
2140,87.834685
2141,87.831048
2142,87.851832
2143,87.882324
2144,87.902561
2145,87.902051
2146,87.92424
2147,87.981964
2148,88.016015
2149,88.013258
2150,88.061915
2151,88.095456
2152,88.111799
2153,88.14264
2154,88.164508
2155,88.183834
2156,88.262738
2157,88.310333
2158,88.321959
2159,88.382366
2160,88.436206
2161,88.47076
2162,88.517151
2163,88.564125
2164,88.605367
2165,88.673639
2166,88.716816
2167,88.755523
2168,88.820352
2169,88.872903
2170,88.913123
2171,89.008108
2172,89.026541
2173,89.086512
2174,89.142003
2175,89.16509
2176,89.200533
2177,89.275003
2178,89.332991
2179,89.368306
2180,89.378519
2181,89.43778
2182,89.464411
2183,89.519841
2184,89.564148
2185,89.563074
2186,89.63273
2187,89.648908
2188,89.690759
2189,89.709964
2190,89.765953
2191,89.797644
2192,89.80622
2193,89.836548
2194,89.851834
2195,89.858475
2196,89.89526
2197,89.888759
2198,89.88809
2199,89.904782
2200,89.896861
2201,89.914397
2202,89.953657
2203,89.950148
2204,89.943436
2205,89.964868
2206,89.989813
2207,89.996791
2208,90.015358
2209,90.001539
2210,90.037424
2211,90.053471
2212,90.058761
2213,90.093262
2214,90.149423
2215,90.164888
2216,90.135537
2217,90.185713
2218,90.191179
2219,90.190002
2220,90.231435
2221,90.224029
2222,90.15158
2223,90.181832
2224,90.128188
2225,90.139577
2226,90.109906
2227,90.12107
2228,90.057279
2229,90.084029
2230,90.042767
2231,90.043389
2232,90.015851
2233,90.029875
2234,90.011224
2235,90.010149
2236,89.998279
2237,90.004014
2238,90.038368
2239,90.0109
2240,89.985195
2241,89.950519
2242,89.948383
2243,89.899166
2244,89.834851
2245,89.835739
2246,89.795886
2247,89.749035
2248,89.735824
2249,89.651183
2250,89.631451
2251,89.611728
2252,89.60387
2253,89.632773
2254,89.598157
2255,89.584054
2256,89.559432
2257,89.540821
2258,89.545717
2259,89.544068
2260,89.5106
2261,89.49744
2262,89.503299
2263,89.458367
2264,89.454094
2265,89.432936
2266,89.430437
2267,89.435119
2268,89.404097
2269,89.419444
2270,89.405586
2271,89.399712
2272,89.381712
2273,89.365856
2274,89.358727
2275,89.357599
2276,89.348568
2277,89.327767
2278,89.309056
2279,89.313922
2280,89.345036
2281,89.388157
2282,89.350141
2283,89.355727
2284,89.366807
2285,89.294293
2286,89.336139
2287,89.361264
2288,89.350423
2289,89.354114
2290,89.364337
2291,89.320906
2292,89.343406
2293,89.340311
2294,89.258943
2295,89.277712
2296,89.282938
2297,89.219864
2298,89.192457
2299,89.251086
2300,89.199486
2301,89.18657
2302,89.193341
2303,89.180079
2304,89.176406
2305,89.223771
2306,89.226278
2307,89.201943
2308,89.162282
2309,89.160419
2310,89.158739
2311,89.101725
2312,89.03647
2313,88.999161
2314,88.97253
2315,88.936887
2316,88.862155
2317,88.821703
2318,88.783966
2319,88.687146
2320,88.625165
2321,88.594679
2322,88.523088
2323,88.508117
2324,88.422051
2325,88.406482
2326,88.398212
2327,88.322054
2328,88.348153
2329,88.306746
2330,88.187236
2331,88.163563
2332,88.184247
2333,88.176141
2334,88.218919
2335,88.242353
2336,88.158971
2337,88.085306
2338,88.119993
2339,88.070376
2340,87.984892
2341,87.936988
2342,87.957015
2343,87.951694
2344,87.835951
2345,87.75586
2346,87.732563
2347,87.75323
2348,87.748127
2349,87.690527
2350,87.675329
2351,87.685367
2352,87.648167
2353,87.656318
2354,87.663219
2355,87.678831
2356,87.672307
2357,87.731722
2358,87.767381
2359,87.738557
2360,87.725424
2361,87.72843
2362,87.646877
2363,87.603206
2364,87.586702
2365,87.560543
2366,87.508862
2367,87.367313
2368,87.281989
2369,87.28132
2370,87.269017
2371,87.285568
2372,87.357544
2373,87.312266
2374,87.278877
2375,87.294402
2376,87.29846
2377,87.32834
2378,87.270735
2379,87.234531
2380,87.274174
2381,87.286327
2382,87.277613
2383,87.209688
2384,87.153469
2385,87.166626
2386,87.109204
2387,87.073163
2388,87.076314
2389,87.007003
2390,86.999137
2391,87.042717
2392,87.011918
2393,87.000402
2394,87.075219
2395,86.986498
2396,86.978871
2397,87.002656
2398,86.875275
2399,86.862484
2400,86.982671
2401,87.005
2402,86.818682
2403,86.848028
2404,86.897247
2405,86.872673
2406,86.86203
2407,86.887154
2408,86.860132
2409,86.90078
2410,86.749004
2411,86.839352
2412,86.913052
2413,86.897779
2414,86.861663
2415,86.739578
2416,86.837454
2417,86.877531
2418,86.831754
2419,86.856877
2420,86.795148
2421,86.932463
2422,86.884703
2423,86.907621
2424,86.907338
2425,86.704331
2426,86.873734
2427,86.913692
2428,86.712785
2429,86.849222
2430,86.785321
2431,86.862879
2432,86.761075
2433,86.777832
2434,86.937527
2435,86.886891
2436,86.84471
2437,86.687082
2438,86.642592
2439,86.755085
2440,86.762838
2441,86.870498
2442,86.828363
2443,86.774741
2444,86.750117
2445,86.78716
2446,86.887492
2447,86.82679
2448,86.819375
2449,86.891834
2450,86.744574
